train_auc,valid_auc
0.9227197271364759,0.8576453204313991
